id,region,category,quantity,unit_value
item-1-0001,region-1,category-1,18,8
item-1-0002,region-2,category-2,35,15
item-1-0003,region-3,category-3,52,22
item-1-0004,region-4,category-4,69,29
item-1-0005,region-5,category-5,86,36
item-1-0006,region-6,category-6,6,43
item-1-0007,region-0,category-7,23,50
item-1-0008,region-1,category-8,40,4
item-1-0009,region-2,category-9,57,11
item-1-0010,region-3,category-10,74,18
item-1-0011,region-4,category-0,91,25
item-1-0012,region-5,category-1,11,32
item-1-0013,region-6,category-2,28,39
item-1-0014,region-0,category-3,45,46
item-1-0015,region-1,category-4,62,53
item-1-0016,region-2,category-5,79,7
item-1-0017,region-3,category-6,96,14
item-1-0018,region-4,category-7,16,21
item-1-0019,region-5,category-8,33,28
item-1-0020,region-6,category-9,50,35
item-1-0021,region-0,category-10,67,42
item-1-0022,region-1,category-0,84,49
item-1-0023,region-2,category-1,4,3
item-1-0024,region-3,category-2,21,10
item-1-0025,region-4,category-3,38,17
item-1-0026,region-5,category-4,55,24
item-1-0027,region-6,category-5,72,31
item-1-0028,region-0,category-6,89,38
item-1-0029,region-1,category-7,9,45
item-1-0030,region-2,category-8,26,52
item-1-0031,region-3,category-9,43,6
item-1-0032,region-4,category-10,60,13
item-1-0033,region-5,category-0,77,20
item-1-0034,region-6,category-1,94,27
item-1-0035,region-0,category-2,14,34
item-1-0036,region-1,category-3,31,41
item-1-0037,region-2,category-4,48,48
item-1-0038,region-3,category-5,65,2
item-1-0039,region-4,category-6,82,9
item-1-0040,region-5,category-7,2,16
item-1-0041,region-6,category-8,19,23
item-1-0042,region-0,category-9,36,30
item-1-0043,region-1,category-10,53,37
item-1-0044,region-2,category-0,70,44
item-1-0045,region-3,category-1,87,51
item-1-0046,region-4,category-2,7,5
item-1-0047,region-5,category-3,24,12
item-1-0048,region-6,category-4,41,19
item-1-0049,region-0,category-5,58,26
item-1-0050,region-1,category-6,75,33
item-1-0051,region-2,category-7,92,40
item-1-0052,region-3,category-8,12,47
item-1-0053,region-4,category-9,29,1
item-1-0054,region-5,category-10,46,8
item-1-0055,region-6,category-0,63,15
item-1-0056,region-0,category-1,80,22
item-1-0057,region-1,category-2,97,29
item-1-0058,region-2,category-3,17,36
item-1-0059,region-3,category-4,34,43
item-1-0060,region-4,category-5,51,50
item-1-0061,region-5,category-6,68,4
item-1-0062,region-6,category-7,85,11
item-1-0063,region-0,category-8,5,18
item-1-0064,region-1,category-9,22,25
item-1-0065,region-2,category-10,39,32
item-1-0066,region-3,category-0,56,39
item-1-0067,region-4,category-1,73,46
item-1-0068,region-5,category-2,90,53
item-1-0069,region-6,category-3,10,7
item-1-0070,region-0,category-4,27,14
item-1-0071,region-1,category-5,44,21
item-1-0072,region-2,category-6,61,28
item-1-0073,region-3,category-7,78,35
item-1-0074,region-4,category-8,95,42
item-1-0075,region-5,category-9,15,49
item-1-0076,region-6,category-10,32,3
item-1-0077,region-0,category-0,49,10
item-1-0078,region-1,category-1,66,17
item-1-0079,region-2,category-2,83,24
item-1-0080,region-3,category-3,3,31
item-1-0081,region-4,category-4,20,38
item-1-0082,region-5,category-5,37,45
item-1-0083,region-6,category-6,54,52
item-1-0084,region-0,category-7,71,6
item-1-0085,region-1,category-8,88,13
item-1-0086,region-2,category-9,8,20
item-1-0087,region-3,category-10,25,27
item-1-0088,region-4,category-0,42,34
item-1-0089,region-5,category-1,59,41
item-1-0090,region-6,category-2,76,48
item-1-0091,region-0,category-3,93,2
item-1-0092,region-1,category-4,13,9
item-1-0093,region-2,category-5,30,16
item-1-0094,region-3,category-6,47,23
item-1-0095,region-4,category-7,64,30
item-1-0096,region-5,category-8,81,37
item-1-0097,region-6,category-9,1,44
item-1-0098,region-0,category-10,18,51
item-1-0099,region-1,category-0,35,5
item-1-0100,region-2,category-1,52,12
item-1-0101,region-3,category-2,69,19
item-1-0102,region-4,category-3,86,26
item-1-0103,region-5,category-4,6,33
item-1-0104,region-6,category-5,23,40
item-1-0105,region-0,category-6,40,47
item-1-0106,region-1,category-7,57,1
item-1-0107,region-2,category-8,74,8
item-1-0108,region-3,category-9,91,15
item-1-0109,region-4,category-10,11,22
item-1-0110,region-5,category-0,28,29
item-1-0111,region-6,category-1,45,36
item-1-0112,region-0,category-2,62,43
item-1-0113,region-1,category-3,79,50
item-1-0114,region-2,category-4,96,4
item-1-0115,region-3,category-5,16,11
item-1-0116,region-4,category-6,33,18
item-1-0117,region-5,category-7,50,25
item-1-0118,region-6,category-8,67,32
item-1-0119,region-0,category-9,84,39
item-1-0120,region-1,category-10,4,46
item-1-0121,region-2,category-0,21,53
item-1-0122,region-3,category-1,38,7
item-1-0123,region-4,category-2,55,14
item-1-0124,region-5,category-3,72,21
item-1-0125,region-6,category-4,89,28
item-1-0126,region-0,category-5,9,35
item-1-0127,region-1,category-6,26,42
item-1-0128,region-2,category-7,43,49
item-1-0129,region-3,category-8,60,3
item-1-0130,region-4,category-9,77,10
item-1-0131,region-5,category-10,94,17
item-1-0132,region-6,category-0,14,24
item-1-0133,region-0,category-1,31,31
item-1-0134,region-1,category-2,48,38
item-1-0135,region-2,category-3,65,45
item-1-0136,region-3,category-4,82,52
item-1-0137,region-4,category-5,2,6
item-1-0138,region-5,category-6,19,13
item-1-0139,region-6,category-7,36,20
item-1-0140,region-0,category-8,53,27
item-1-0141,region-1,category-9,70,34
item-1-0142,region-2,category-10,87,41
item-1-0143,region-3,category-0,7,48
item-1-0144,region-4,category-1,24,2
item-1-0145,region-5,category-2,41,9
item-1-0146,region-6,category-3,58,16
item-1-0147,region-0,category-4,75,23
item-1-0148,region-1,category-5,92,30
item-1-0149,region-2,category-6,12,37
item-1-0150,region-3,category-7,29,44
item-1-0151,region-4,category-8,46,51
item-1-0152,region-5,category-9,63,5
item-1-0153,region-6,category-10,80,12
item-1-0154,region-0,category-0,97,19
item-1-0155,region-1,category-1,17,26
item-1-0156,region-2,category-2,34,33
item-1-0157,region-3,category-3,51,40
item-1-0158,region-4,category-4,68,47
item-1-0159,region-5,category-5,85,1
item-1-0160,region-6,category-6,5,8
item-1-0161,region-0,category-7,22,15
item-1-0162,region-1,category-8,39,22
item-1-0163,region-2,category-9,56,29
item-1-0164,region-3,category-10,73,36
item-1-0165,region-4,category-0,90,43
item-1-0166,region-5,category-1,10,50
item-1-0167,region-6,category-2,27,4
item-1-0168,region-0,category-3,44,11
item-1-0169,region-1,category-4,61,18
item-1-0170,region-2,category-5,78,25
item-1-0171,region-3,category-6,95,32
item-1-0172,region-4,category-7,15,39
item-1-0173,region-5,category-8,32,46
item-1-0174,region-6,category-9,49,53
item-1-0175,region-0,category-10,66,7
item-1-0176,region-1,category-0,83,14
item-1-0177,region-2,category-1,3,21
item-1-0178,region-3,category-2,20,28
item-1-0179,region-4,category-3,37,35
item-1-0180,region-5,category-4,54,42
item-1-0181,region-6,category-5,71,49
item-1-0182,region-0,category-6,88,3
item-1-0183,region-1,category-7,8,10
item-1-0184,region-2,category-8,25,17
item-1-0185,region-3,category-9,42,24
item-1-0186,region-4,category-10,59,31
item-1-0187,region-5,category-0,76,38
item-1-0188,region-6,category-1,93,45
item-1-0189,region-0,category-2,13,52
item-1-0190,region-1,category-3,30,6
item-1-0191,region-2,category-4,47,13
item-1-0192,region-3,category-5,64,20
item-1-0193,region-4,category-6,81,27
item-1-0194,region-5,category-7,1,34
item-1-0195,region-6,category-8,18,41
item-1-0196,region-0,category-9,35,48
item-1-0197,region-1,category-10,52,2
item-1-0198,region-2,category-0,69,9
item-1-0199,region-3,category-1,86,16
item-1-0200,region-4,category-2,6,23
item-1-0201,region-5,category-3,23,30
item-1-0202,region-6,category-4,40,37
item-1-0203,region-0,category-5,57,44
item-1-0204,region-1,category-6,74,51
item-1-0205,region-2,category-7,91,5
item-1-0206,region-3,category-8,11,12
item-1-0207,region-4,category-9,28,19
item-1-0208,region-5,category-10,45,26
item-1-0209,region-6,category-0,62,33
item-1-0210,region-0,category-1,79,40
item-1-0211,region-1,category-2,96,47
item-1-0212,region-2,category-3,16,1
item-1-0213,region-3,category-4,33,8
item-1-0214,region-4,category-5,50,15
item-1-0215,region-5,category-6,67,22
item-1-0216,region-6,category-7,84,29
item-1-0217,region-0,category-8,4,36
item-1-0218,region-1,category-9,21,43
item-1-0219,region-2,category-10,38,50
item-1-0220,region-3,category-0,55,4
item-1-0221,region-4,category-1,72,11
item-1-0222,region-5,category-2,89,18
item-1-0223,region-6,category-3,9,25
item-1-0224,region-0,category-4,26,32
item-1-0225,region-1,category-5,43,39
item-1-0226,region-2,category-6,60,46
item-1-0227,region-3,category-7,77,53
item-1-0228,region-4,category-8,94,7
item-1-0229,region-5,category-9,14,14
item-1-0230,region-6,category-10,31,21
item-1-0231,region-0,category-0,48,28
item-1-0232,region-1,category-1,65,35
item-1-0233,region-2,category-2,82,42
item-1-0234,region-3,category-3,2,49
item-1-0235,region-4,category-4,19,3
item-1-0236,region-5,category-5,36,10
item-1-0237,region-6,category-6,53,17
item-1-0238,region-0,category-7,70,24
item-1-0239,region-1,category-8,87,31
item-1-0240,region-2,category-9,7,38
item-1-0241,region-3,category-10,24,45
item-1-0242,region-4,category-0,41,52
item-1-0243,region-5,category-1,58,6
item-1-0244,region-6,category-2,75,13
item-1-0245,region-0,category-3,92,20
item-1-0246,region-1,category-4,12,27
item-1-0247,region-2,category-5,29,34
item-1-0248,region-3,category-6,46,41
item-1-0249,region-4,category-7,63,48
item-1-0250,region-5,category-8,80,2
item-1-0251,region-6,category-9,97,9
item-1-0252,region-0,category-10,17,16
item-1-0253,region-1,category-0,34,23
item-1-0254,region-2,category-1,51,30
item-1-0255,region-3,category-2,68,37
item-1-0256,region-4,category-3,85,44
item-1-0257,region-5,category-4,5,51
item-1-0258,region-6,category-5,22,5
item-1-0259,region-0,category-6,39,12
item-1-0260,region-1,category-7,56,19
item-1-0261,region-2,category-8,73,26
item-1-0262,region-3,category-9,90,33
item-1-0263,region-4,category-10,10,40
item-1-0264,region-5,category-0,27,47
item-1-0265,region-6,category-1,44,1
item-1-0266,region-0,category-2,61,8
item-1-0267,region-1,category-3,78,15
item-1-0268,region-2,category-4,95,22
item-1-0269,region-3,category-5,15,29
item-1-0270,region-4,category-6,32,36
item-1-0271,region-5,category-7,49,43
item-1-0272,region-6,category-8,66,50
item-1-0273,region-0,category-9,83,4
item-1-0274,region-1,category-10,3,11
item-1-0275,region-2,category-0,20,18
item-1-0276,region-3,category-1,37,25
item-1-0277,region-4,category-2,54,32
item-1-0278,region-5,category-3,71,39
item-1-0279,region-6,category-4,88,46
item-1-0280,region-0,category-5,8,53
item-1-0281,region-1,category-6,25,7
item-1-0282,region-2,category-7,42,14
item-1-0283,region-3,category-8,59,21
item-1-0284,region-4,category-9,76,28
item-1-0285,region-5,category-10,93,35
item-1-0286,region-6,category-0,13,42
item-1-0287,region-0,category-1,30,49
item-1-0288,region-1,category-2,47,3
item-1-0289,region-2,category-3,64,10
item-1-0290,region-3,category-4,81,17
item-1-0291,region-4,category-5,1,24
item-1-0292,region-5,category-6,18,31
item-1-0293,region-6,category-7,35,38
item-1-0294,region-0,category-8,52,45
item-1-0295,region-1,category-9,69,52
item-1-0296,region-2,category-10,86,6
item-1-0297,region-3,category-0,6,13
item-1-0298,region-4,category-1,23,20
item-1-0299,region-5,category-2,40,27
item-1-0300,region-6,category-3,57,34
